,name,valid_alphas,seq,head,resolution,deposition_date,release_date,structure_method,seqres,reference,seqlen,split
232402,6skc.A.pdb,222,LVHGGPCDKTSHPYQAALYTSGHLLCGGVLIHPLWVLTAAHCKKPNLQVFLGKHNLGQQESSQEQSSVVRAVIHPDYDAASHDQDIMLLRLARPAKLSELIQPLPLERDCSAQTTSCHILGWGKTADGDFPDTIQCAYIHLVSREECEHAYPGQITQNMLCAGDEKYGKDSCQGDSGGPLVCGDHLRGLVSWGNYPCGSKEKPGVYTNVCRYTNWIQKTIQA,hydrolase,2.18,2019-08-15,2019-09-25,x-ray diffraction,LVHGGPCDKTSHPYQAALYTSGHLLCGGVLIHPLWVLTAAHCKKPNLQVFLGKHNLGQQESSQEQSSVVRAVIHPDYDAASHDQDIMLLRLARPAKLSELIQPLPLERDCSAQTTSCHILGWGKTADGDFPDTIQCAYIHLVSREECEHAYPGQITQNMLCAGDEKYGKDSCQGDSGGPLVCGDHLRGLVSWGNYPCGSKEKPGVYTNVCRYTNWIQKTIQAK,6qfg.A.pdb,223,train
182392,5pvq.B.pdb,123,SMEQVAMELRLTELTRLLRSVLDQLQDKDPARIFAQPVSLKEVPDYLDHIKHPMDFATMRKRLEAQGYKNLHEFEEDFDLIIDNCMKYNARDTVFYRAAVRLRDQGGVVLRQARREVDSIGLE,gene regulation,1.61,2017-02-07,2017-03-29,x-ray diffraction,MHHHHHHSSGVDLGTENLYFQSMEQVAMELRLTELTRLLRSVLDQLQDKDPARIFAQPVSLKEVPDYLDHIKHPMDFATMRKRLEAQGYKNLHEFEEDFDLIIDNCMKYNARDTVFYRAAVRLRDQGGVVLRQARREVDSIGLEEASGMHLPERPA,5pnx.A.pdb,156,train
22481,1p9m.B.pdb,163,LTSSERIDKQIRYILDGISALRKETCNKCESSKEALAENNLNLPKMAEKDGCFQSGFNEETCLVKIITGLLEFEVYLEYLQNRFESSEEQARAVQMSTKVLIQFLQKKAKNLDAITTPDPTTNASLLTKLQAQNQWLQDMTTHLILRSFKEFLQSSLRALRQM,signaling protein/cytokine,3.65,2003-05-12,2003-07-01,x-ray diffraction,APPVPPGEDSKDVAAPHRQPLTSSERIDKQIRYILDGISALRKETCNKSNMCESSKEALAENNLNLPKMAEKDGCFQSGFNEETCLVKIITGLLEFEVYLEYLQNRFESSEEQARAVQMSTKVLIQFLQKKAKNLDAITTPDPTTNASLLTKLQAQNQWLQDMTTHLILRSFKEFLQSSLRALRQM,1p9m.B.pdb,186,train
235339,6u8g.C.pdb,108,TNQLQYLLRVVLKTLWKHQFAWPFQQPVDAVKLNLPDYYKIIKTPMDMGTIKKRLENNYYWNAQECIQDFNTMFTNCYIYNKPGDDIVLMAEALEKLFLQKINELPTE,transcription/inhibitor,2.6,2019-09-05,2020-08-19,x-ray diffraction,QGPLGSSTNPPPPETSNPNKPKRQTNQLQYLLRVVLKTLWKHQFAWPFQQPVDAVKLNLPDYYKIIKTPMDMGTIKKRLENNYYWNAQECIQDFNTMFTNCYIYNKPGDDIVLMAEALEKLFLQKINELPTEEPEFPGRLERPHRD,6u6k.A.pdb,146,val
47327,2fhh.X.pdb,222,TTIVALKYPGGVVMAGDRRSTQGNMISGRDVRKVYITDDYTATGIAGTAAVAVEFARLYAVELEHYEKLEGVPLTFAGKINRLAIMVRGNLAAAMQGLLALPLLAGYDIHASDPQSAGRIVSFDAAGGWNIEEEGYQAVGSGSLFAKSSMKKLYSQVTDGDSGLRVAVEALYDAADDDSATGGPDLVRGIFPTAVIIDADGAVDVPESRIAELARAIIESRS,hydrolase,2.99,2005-12-23,2006-02-28,x-ray diffraction,TTIVALKYPGGVVMAGDRRSTQGNMISGRDVRKVYITDDYTATGIAGTAAVAVEFARLYAVELEHYEKLEGVPLTFAGKINRLAIMVRGNLAAAMQGLLALPLLAGYDIHASDPQSAGRIVSFDAAGGWNIEEEGYQAVGSGSLFAKSSMKKLYSQVTDGDSGLRVAVEALYDAADDDSATGGPDLVRGIFPTAVIIDADGAVDVPESRIAELARAIIESRSGADTFGSDGGEKHHHHHH,2fhg.H.pdb,240,train
160393,5dkj.K.pdb,212,TTTLAFRFQGGIIVAVDSRATAGNWVASQTVKKVIEINPFLLGTMAGGAADCQFWETWLGSQCRLHELREKERISVAAASKILSNLVYQYKGAGLSMGTMICGYTRKEGPTIYYVDSDGTRLKGDIFCVGSGQTFAYGVLDSNYKWDLSVEDALYLGKRSILAAAHRDAYSGGSVNLYHVTEDGWIYHGNHDVGELFWKVKEEEGSFNNVIG,hydrolase/hydrolase inhibitor,2.8,2015-09-03,2015-10-28,x-ray diffraction,TTTLAFRFQGGIIVAVDSRATAGNWVASQTVKKVIEINPFLLGTMAGGAADCQFWETWLGSQCRLHELREKERISVAAASKILSNLVYQYKGAGLSMGTMICGYTRKEGPTIYYVDSDGTRLKGDIFCVGSGQTFAYGVLDSNYKWDLSVEDALYLGKRSILAAAHRDAYSGGSVNLYHVTEDGWIYHGNHDVGELFWKVKEEEGSFNNVIG,1g0u.K.pdb,212,train
121960,4fgi.D.pdb,144,AFTQLEIVPQFGSPNFGGEDEHVRVFSNEDPNDDNPDAFPEPPVYLADRDSGNDCRIEDGGIWSRGGVFLSQDGRRVLHEFSGSSAELVSYDSATCKVVHREDISGQRWAVDKDGLRLGQKCSGESVDSCAKIVKRSLAPFCQT,hydrolase/hydrolase inhibitor,3.2,2012-06-04,2012-06-20,x-ray diffraction,MAFTQLEIVPQFGSPNMFGGEDEHVRVMFSNEDPNDDNPDAFPEPPVYLADRDSGNDCRIEDGGIWSRGGVFLSQDGRRVLMHEFSGSSAELVSYDSATCKVVHREDISGQRWAVDKDGLRLGQKCSGESVDSCAKIVKRSLAPFCQTAKK,4fgi.B.pdb,151,train
242563,6yvt.A.pdb,197,LPALKLALEYIVPCMNKHGICVVDDFLGKETGQQIGDEVRALHDTGDKITWIEGKEPGCETIGLLMSSMDDLIRHCNGKLGSYKINGRTKAMVACYPGNGTGYVRHVDNPNGDGRCVTCIYYLNKDWDAKVSGGILRIFPEGKAQFADIEPKFDRLLFFWSDRRNPHEVQPAYATRYAITVWYFDADERARAKVKYL,oxidoreductase,2.85,2020-04-28,2020-05-20,x-ray diffraction,GSHMASPNGQTKPLPALKLALEYIVPCMNKHGICVVDDFLGKETGQQIGDEVRALHDTGKFTDGQLVSQKSDSSKDIRGDKITWIEGKEPGCETIGLLMSSMDDLIRHCNGKLGSYKINGRTKAMVACYPGNGTGYVRHVDNPNGDGRCVTCIYYLNKDWDAKVSGGILRIFPEGKAQFADIEPKFDRLLFFWSDRRNPHEVQPAYATRYAITVWYFDADERARAKVKYLTGEKGVRVELNKPSDSVGKDVF,2y33.A.pdb,252,val
4115,1cxz.A.pdb,182,SMAAIRKKLVIVGDVACGKTCLLIVFSKDQFPEVYVPTVFENYVADIEVDGKQVELALWDTAGQEDYDRLRPLSYPDTDVILMCFSIDSPDSLENIPEKWTPEVKHFCPNVPIILVGNKKDLRNDEHTRRELAKMKQEPVKPEEGRDMANRIGAFGYMECSAKTKDGVREVFEMATRAALQA,signaling protein,2.2,1999-08-31,1999-10-08,x-ray diffraction,SMAAIRKKLVIVGDVACGKTCLLIVFSKDQFPEVYVPTVFENYVADIEVDGKQVELALWDTAGQEDYDRLRPLSYPDTDVILMCFSIDSPDSLENIPEKWTPEVKHFCPNVPIILVGNKKDLRNDEHTRRELAKMKQEPVKPEEGRDMANRIGAFGYMECSAKTKDGVREVFEMATRAALQA,1a2b.A.pdb,182,train
185818,5tv3.E.pdb,226,KWDYKNKENGPHRWDKLHKDFEVCKSGKSQSPINIEHYYHTQDKADLQFKYAASKPKAVFFTHHTLKASFEPTNHINYRGHDYVLDNVHFHAPMEFLINNKTRPLSAHFVHKDAKGRLLVLAIGFEEGKENPNLDPILEGIQKKQNFKEVALDAFLPKSINYYHFNGSLTAPPCTEGVAWFVIEEPLEVSAKQLAEIKKRMKNSPNQRPVQPDYNTVIIKSSAETR,lyase/lyase inhibitor,2.9,2016-11-07,2017-09-20,x-ray diffraction,GIDPFTNTKWDYKNKENGPHRWDKLHKDFEVCKSGKSQSPINIEHYYHTQDKADLQFKYAASKPKAVFFTHHTLKASFEPTNHINYRGHDYVLDNVHFHAPMEFLINNKTRPLSAHFVHKDAKGRLLVLAIGFEEGKENPNLDPILEGIQKKQNFKEVALDAFLPKSINYYHFNGSLTAPPCTEGVAWFVIEEPLEVSAKQLAEIKKRMKNSPNQRPVQPDYNTVIIKSSAETR,4ygf.A.pdb,234,train
230388,6rfs.e.pdb,52,NYKWNGPLPRPHVSAGHRIATKFLGATMFFWMFLRIKEEYPAMLGLHNFYPP,oxidoreductase,4.04,2019-04-16,2019-12-11,electron microscopy,MAGHHTNYKWNGPLPRPHVSAGHRIATKFLGATMFFWMFLRIKEEYPAMLGLHNFYPPKEGEKAVEH,6rfq.e.pdb,67,train
51903,2iml.C.pdb,187,LRLADFGFTDGINEIIAITENEDGSWNAAPIGIIVEDSSSDTAKAKLYRNRTRANLERSGVLFANVTDDALVFAVSSFGNLNDDWYASPNPPIIKGAAWCRFEAERSGVAHLKLTDGEIIEKRVRAINRGLSAVIEALVHATRYVAIKSDERRKELLERIHYYREIVQKCGSEREKRAFEIIEKIGE,flavoprotein,1.65,2006-10-04,2006-10-17,x-ray diffraction,MSLRLADFGFTDGINEIIAITENEDGSWNAAPIGIIVEDSSSDTAKAKLYRNRTRANLERSGVLFANVTDDALVFAVSSFGNLNDDWYASPNPPIIKGAMAWCRFEAEMRSGVAHLKLTDGEIIEKRVRAINRGLSAVIEALVHATRYVAIKSDERRKELLERIHYYREIVQKCGSEREKRAFEIIMEKIGEGHHHHHH,2iml.A.pdb,199,train
97149,3nmj.C.pdb,106,ADLEDNMETLNDNLKVIEKADNAAQVKDALTKMRAAALDAQKATPPKLEDKSPDSPEMCDFAAGFAILVGQIDDALKLANEGKVKEAQAAAEQLKTTCNACHQKYR,electron transport,3.1,2010-06-22,2010-11-24,x-ray diffraction,ADLEDNMETLNDNLKVIEKADNAAQVKDALTKMRAAALDAQKATPPKLEDKSPDSPEMCDFAAGFAILVGQIDDALKLANEGKVKEAQAAAEQLKTTCNACHQKYR,3nmi.A.pdb,106,train
111355,3wsf.C.pdb,245,NMKAKEIIEFIETFAPKDLAIEGDNIGLQVGDNLDKEIKKLGIALDPSLSVIKKAEKEGVDFLFTHHPLLKDPIRNFTGVIYKKLKILMENDIILYSAHTNLDICKNGLNDALAELYNLENPKPLYDNGLGRVGIFKGSFEEFLEITKKYIHKNPIVVKSKEVDDNFKLAVLSGYGLSQSSIKYVAEKADVYLSGDLTHHSKILAEELGLVVVDATHYSTEVFGLKKFKEFLSSNLDLEIISLDF,metal binding protein,2.0,2014-03-13,2014-08-27,x-ray diffraction,GSHMEVVNMKAKEIIEFIETFAPKDLAIEGDNIGLQVGDNLDKEIKKLGIALDPSLSVIKKAEKEGVDFLFTHHPLLKDPIRNFTGVIYKKLKILMENDIILYSAHTNLDICKNGLNDALAELYNLENPKPLYDNGLGRVGIFKGSFEEFLEITKKYIHKNPIVVKSKEVDDNFKLAVLSGYGLSQSSIKYVAEKADVYLSGDLTHHSKILAEELGLVVVDATHYSTEVFGLKKFKEFLSSNLDLEIISLDF,3wsd.A.pdb,252,train
183010,5qis.A.pdb,225,FNLISEKCDILSILRDHPENRIYRRKIEELSKRFTAIRKTKGDRNCFYRALGYSYLESLLGKSREIFKFKERVLQTPNDLLAAGFEEHKFRNFFNAFYSVVELVEKDGSVSSLLKVFNDQSASDHIVQFLRLLTSAFIRNRADFFRHFIDEEMDIKDFCTHEVEPMATECDHIQITALSQALSIALQVEYVDEMDTALNHHVFPEAATPSVYLLYKTSHYNILYA,hydrolase/hydrolase inhibitor,1.53,2018-08-10,2019-12-18,x-ray diffraction,FNLISEKCDILSILRDHPENRIYRRKIEELSKRFTAIRKTKGDRNCFYRALGYSYLESLLGKSREIFKFKERVLQTPNDLLAAGFEEHKFRNFFNAFYSVVELVEKDGSVSSLLKVFNDQSASDHIVQFLRLLTSAFIRNRADFFRHFIDEEMDIKDFCTHEVEPMATECDHIQITALSQALSIALQVEYVDEMDTALNHHVFPEAATPSVYLLYKTSHYNILYA,5qio.A.pdb,225,train
217275,6kwy.F.pdb,245,MSSIGTGYDLSASTFSPDGRVFQVEYAMKAVENSSTAIGIRCKDGVVFGVEKLVLSKLYEEGSNKRLFNVDRHVGMAVAGLLADARSLADIAREEASNFRSNFGYNIPLKHLADRVAMYVHAYTLYSAVRPFGCSFMLGSYSVNDGAQLYMIDPSGVSYGYWGCAIGKARQAAKTEIEKLQMKEMTCRDIVKEVAKIIYIVHDEVKDKAFELELSWVGELTNGRHEIVPKDIREEAEKYAKESLK,hydrolase,2.72,2019-09-09,2020-04-01,electron microscopy,MSSIGTGYDLSASTFSPDGRVFQVEYAMKAVENSSTAIGIRCKDGVVFGVEKLVLSKLYEEGSNKRLFNVDRHVGMAVAGLLADARSLADIAREEASNFRSNFGYNIPLKHLADRVAMYVHAYTLYSAVRPFGCSFMLGSYSVNDGAQLYMIDPSGVSYGYWGCAIGKARQAAKTEIEKLQMKEMTCRDIVKEVAKIIYIVHDEVKDKAFELELSWVGELTNGRHEIVPKDIREEAEKYAKESLKEEDESDDDNM,5dsv.K.pdb,255,train
138933,4pnb.C.pdb,29,GEIAQSIKEIAKSIKEIAWSIKEIAQSIK,de novo protein,2.05,2014-05-23,2014-10-22,x-ray diffraction,XGEIAQSIKEIAKSIKEIAWSIKEIAQSIKG,4pnb.A.pdb,31,train
58729,2nvl.H.pdb,241,SIPLIGERFPEMEVTTDHGVIKLPDHYVSQGKWFVLFSHPADFTPVTTEFVSFARRYEDFQRLGVDLIGLSVDSVFSHIKWKEWIERHIGVRIPFPIIADPQGTVARRLGLLHAESATHTVRGVFIVDARGVIRTMLYYPMELGRLVDEILRIVKALKLGDSLKRAVPADWPNNEIIGEGLIVPPPTTEDQARARMESGQYRSLDWWFCWDTPASRDDVEEARRYLRRAAEKPAKLLYEEA,oxidoreductase,2.36,2006-11-13,2007-11-20,x-ray diffraction,MPGSIPLIGERFPEMEVTTDHGVIKLPDHYVSQGKWFVLFSHPADFTPVCTTEFVSFARRYEDFQRLGVDLIGLSVDSVFSHIKWKEWIERHIGVRIPFPIIADPQGTVARRLGLLHAESATHTVRGVFIVDARGVIRTMLYYPMELGRLVDEILRIVKALKLGDSLKRAVPADWPNNEIIGEGLIVPPPTTEDQARARMESGQYRSLDWWFCWDTPASRDDVEEARRYLRRAAEKPAKLLYEEARTHLH,2e2g.A.pdb,250,train
177487,5muc.B.pdb,158,FACKTANGTAIPIGGGSANVYVNLAPVVNVGQNLVVDLSTQIFCHNDYPETITDYVTLQRGSAYGGVLSNFSGTVKYSGSSYPFPTTSETPRVVYNSRTDKPWPVALYLTPVSSAGGVAIKAGSLIAVLILRQTNNYNSDDFQFVWNIYANNDVVVPT,sugar binding protein,2.6,2017-01-13,2018-02-14,x-ray diffraction,FACKTANGTAIPIGGGSANVYVNLAPVVNVGQNLVVDLSTQIFCHNDYPETITDYVTLQRGSAYGGVLSNFSGTVKYSGSSYPFPTTSETPRVVYNSRTDKPWPVALYLTPVSSAGGVAIKAGSLIAVLILRQTNNYNSDDFQFVWNIYANNDVVVPT,1uwf.A.pdb,158,train
121131,4ex1.D.pdb,30,FVNQHLCGSHLVEALYLVCGERGFFYTPKT,hormone,1.66,2012-04-29,2013-05-01,x-ray diffraction,FVNQHLCGSHLVEALYLVCGERGFFYTPKT,1trz.D.pdb,30,train
165885,5h1s.h.pdb,46,SSRPQKKGTAHHMKTRPKKTARWDIKRGPAVYPPLPPLPAEWTIVS,ribosome,3.5,2016-10-11,2017-02-01,electron microscopy,MSVSAIFGARVVTIPSVLRTSSVDGRTVKLQPSTGGSCGGGVITIECSSRPQKKGTAHHMKTRPKKTARWDIKRGPAVYPPLPPLPAEWTIVSSAVDEADSSSSTTSSSAEIAQSA,5mlc.8.pdb,116,train
116326,4bti.F.pdb,234,IVGGQECKDGECPWQALLINEENEGFCGGTILSEFYILTAAHCLYQAKRFKVRVGDRNTEQEEGGEAVHEVEVVIKHNRFTKETYDFDIAVLRLKTPITFRMNVAPACLPERDWAESTLMTQKTGIVSGFGRTHEKGRQSTRLKMLEVPYVDRNSCKLSSSFIITQNMFCAGYDTKQEDACQGDSGGPHVTRFKDTYFVTGIVSWGEGCARKGKYGIYTKVTAFLKWIDRSMKT,hydrolase,2.3,2013-06-18,2013-12-25,x-ray diffraction,IVGGQECKDGECPWQALLINEENEGFCGGTILSEFYILTAAHCLYQAKRFKVRVGDRNTEQEEGGEAVHEVEVVIKHNRFTKETYDFDIAVLRLKTPITFRMNVAPACLPERDWAESTLMTQKTGIVSGFGRTHEKGRQSTRLKMLEVPYVDRNSCKLSSSFIITQNMFCAGYDTKQEDACQGDSGGPHVTRFKDTYFVTGIVSWGEGCARKGKYGIYTKVTAFLKWIDRSMKTRGLPKAKSHAPEVITSSPLK,1ezq.A.pdb,254,train
84071,3gal.A.pdb,134,NVPHKSSLPEGIRPGTVLRIRGLVPPNASRFHVNLLCGEEQGSDAALHFNPRLDTSEVVFNSKEQGSWGREERGPGVPFQRGQPFEVLIIASDDGFKAVVGDAQYHHFRHRLPLARVRLVEVGGDVQLDSVRIF,lectin,1.9,1998-07-13,1998-11-04,x-ray diffraction,SNVPHKSSLPEGIRPGTVLRIRGLVPPNASRFHVNLLCGEEQGSDAALHFNPRLDTSEVVFNSKEQGSWGREERGPGVPFQRGQPFEVLIIASDDGFKAVVGDAQYHHFRHRLPLARVRLVEVGGDVQLDSVRIF,1bkz.A.pdb,135,train
38978,1zwb.A.pdb,36,VSEIQLMHNLGKHLNSMERVEWLRKKLQDVHNFVAL,hormone,,1996-06-17,1997-03-12,solution nmr,VSEIQLMHNLGKHLNSMERVEWLRKKLQDVHNFVAL,1zwb.A.pdb,36,train
198427,6ays.H.pdb,229,GMKIAILGAMSEEITPLLETLKDYTKIEHANNTYYFAKYKDHELVLAYSKIGKVNSTLSASVMIEKFGAQVLLFTGVAGAFNPELEIGDLLYATKLAQYDLDITAFGHPLGFVPGNEIFIKTDEKLNNLALEVAKELNIKLRAGIIATGDEFICDEAKKAKIREIFNADACEMEGASVALVCDALKVPCFILRAMSDKAGEKAEFDFDEFVINSAKISANFVLKMCEKL,"hydrolase, transferase",1.7,2017-09-08,2018-09-12,x-ray diffraction,MGHHHHHHSGMKIAILGAMSEEITPLLETLKDYTKIEHANNTYYFAKYKDHELVLAYSKIGKVNSTLSASVMIEKFGAQVLLFTGVAGAFNPELEIGDLLYATKLAQYDLDITAFGHPLGFVPGNEIFIKTDEKLNNLALEVAKELNIKLRAGIIATGDEFICDEAKKAKIREIFNADACEMEGASVALVCDALKVPCFILRAMSDKAGEKAEFDFDEFVINSAKISANFVLKMCEKL,6aym.A.pdb,238,train
150443,4y7w.U.pdb,241,GYDRHITIFSPEGRLYQVEYAFKATNQTNINSLAVRGKDCTVVISQKKVPDKLLDPTTVSYIFCISRTIGMVVNGPIPDARNAALRAKAEAAEFRYKYGYDMPCDVLAKRMANLSQIYTQRAYMRPLGVILTFVSVDEELGPSIYKTDPAGYYVGYKATATGPKQQEITTNLENHFKKSKIDHINEESWEKVVEFAITHMIDALGTEFSKNDLEVGVATKDKFFTLSAENIEERLVAIAEQ,hydrolase/hydrolase inhibitor,2.5,2015-02-16,2015-06-17,x-ray diffraction,MSGAAAASAAGYDRHITIFSPEGRLYQVEYAFKATNQTNINSLAVRGKDCTVVISQKKVPDKLLDPTTVSYIFCISRTIGMVVNGPIPDARNAALRAKAEAAEFRYKYGYDMPCDVLAKRMANLSQIYTQRAYMRPLGVILTFVSVDEELGPSIYKTDPAGYYVGYKATATGPKQQEITTNLENHFKKSKIDHINEESWEKVVEFAITHMIDALGTEFSKNDLEVGVATKDKFFTLSAENIEERLVAIAEQD,1g0u.G.pdb,252,train
227526,6qbv.B.pdb,145,RGLLPNHIWQGDVTHYKYKKYKYCLHVWVDTFSGAVSVSCKKKETSCETISAFLQAISLLGKPLHINTDNGPAFLSQEFQEFCTSYHIKHSTGLVERTNGIIKNLLNKYLLDCPNLPLDNAINKALWTLNQLNVMSGKTRWQIHH,transferase,2.45,2018-12-21,2020-09-30,x-ray diffraction,RRGLLPNHIWQGDVTHYKYKKYKYCLHVWVDTFSGAVSVSCKKKETSCETISAFLQAISLLGKPLHINTDNGPAFLSQEFQEFCTSYHIKHSTHIPYNPTSSGLVERTNGIIKNLLNKYLLDCPNLPLDNAINKALWTLNQLNVMNPSGKTRWQIHHSPPLPPI,6qbv.A.pdb,164,val
7690,1fon.B.pdb,232,SWSWQVSLQYEKDGAFHHTCGGSLIAPDWVVTAGHCISTSRTYQVVLGEYDRSVLEGSEQVIPINAGDLFVHPLWNSNCVACGNDIALVKLSRSAQLGDKVQLANLPPAGDILPNEAPCYISGWGRLYTGGPLPDKLQQALLPTVDYEHCSQWDWWGITVKKTMVCAGGDTRSGCNGDSGGPLNCPAADGSWQVHGVTSFVSAFGCNTIKKPTVFTRVSAFIDWIDETIASN,serine protease,1.7,1996-02-01,1996-10-14,x-ray diffraction,NGEDAVPYSWSWQVSLQYEKDGAFHHTCGGSLIAPDWVVTAGHCISTSRTYQVVLGEYDRSVLEGSEQVIPINAGDLFVHPLWNSNCVACGNDIALVKLSRSAQLGDKVQLANLPPAGDILPNEAPCYISGWGRLYTGGPLPDKLQQALLPTVDYEHCSQWDWWGITVKKTMVCAGGDTRSGCNGDSGGPLNCPAADGSWQVHGVTSFVSAFGCNTIKKPTVFTRVSAFIDWIDETIASN,1fon.A.pdb,240,train
119831,4dx9.k.pdb,103,CAEFRIKYVGAIEGPLDLINYIDVAQQDGKLPFVPPEEEFIGVSKYGIKVSTLHRHALIIRVCYDDGKSLLALKTTYSLWVYQCNSLEQAQAICKVLSTAFDS,protein binding,2.99,2012-02-27,2013-01-09,x-ray diffraction,GPLGSSSGQSNNNSDTCAEFRIKYVGAIEKLKLSEGKGLEGPLDLINYIDVAQQDGKLPFVPPEEEFIMGVSKYGIKVSTSDQYDVLHRHALYLIIRMVCYDDGLGAGKSLLALKTTDASNEEYSLWVYQCNSLEQAQAICKVLSTAFDSVLTSEKP,4dx9.A.pdb,157,train
164703,5g5l.J.pdb,69,MIVPVRCFSCGKVVGDKWESYLNLLQEDELDEGTALSRLGLKRYCCRRMILTHVDLIEKFLRYNPLEKR,rna polymerase,4.8,2016-05-26,2016-07-27,electron microscopy,MIVPVRCFSCGKVVGDKWESYLNLLQEDELDEGTALSRLGLKRYCCRRMILTHVDLIEKFLRYNPLEKRD,1i50.J.pdb,70,train
